曲名 (デフォルト順)	歌唱者	作詞	作曲	編曲
Shiny Smily Story (2022 ver.)	hololive IDOL PROJECT	金丸佳史	中野領太	秋浦智裕
青春アーカイブ	hololive IDOL PROJECT	HoneyWorks	HoneyWorks	HoneyWorks
夢見る空へ	hololive IDOL PROJECT	永塚健登	永塚健登	永塚健登
キラメキライダー☆	hololive IDOL PROJECT	辻純更	石濱翔	石濱翔
Dreaming Days	hololive IDOL PROJECT	本多友紀	本多友紀 / 酒井拓也	本多友紀 / 酒井拓也
あすいろClearSky	hololive IDOL PROJECT	森本練	森本練	脇眞富
Prism Melody	hololive IDOL PROJECT	5u5h1	5u5h1	5u5h1
Our Bright Parade	hololive IDOL PROJECT	堀江晶太	堀江晶太	堀江晶太
Capture the Moment	hololive IDOL PROJECT	金丸佳史 / 中野領太	中野領太	中野領太
Color Rise Harmony	hololive IDOL PROJECT	ナナホシ管弦楽団	岩見陸	ナナホシ管弦楽団
Ridin' on Dreams	hololive IDOL PROJECT	小池竜暉	小池竜暉	小池竜暉 / 熊谷主毅 / 青木隆多
夢色ワンダー	hololive IDOL PROJECT	やしきん (F.M.F)	高尾奏之介 (F.M.F)	高尾奏之介 (F.M.F)
ギミギミエンターテイメント	hololive IDOL PROJECT	青柳諒	青柳諒	青柳諒
Dream☆Story	ときのそら	キノシタ	キノシタ	キノシタ
スタースタースタート	ときのそら	ナユタン星人	ナユタン星人	ナユタン星人
リルビ	ロボ子さん	てにをは	てにをは	てにをは
鬼ノ宴	ロボ子さん	友成空	友成空	-
ω猫	AZKi	ナユタン星人	ナユタン星人	ナユタン星人
いのち (2024 ver.)	AZKi	瀬名航 (SOVA)	瀬名航 (SOVA)	瀬名航 (SOVA)
flower rhapsody	さくらみこ	堀江晶太	堀江晶太	神田ジョン
DAI DAI DAI ファンタジスタ	さくらみこ	じん	じん	じん
きゅんきゅんみこきゅんきゅん♡	さくらみこ	キノシタ	キノシタ	キノシタ
Stellar Stellar	星街すいせい	星街すいせい	TAKU INOUE	TAKU INOUE
ビビデバ	星街すいせい	ツミキ	ツミキ	ツミキ
GHOST	星街すいせい	星街すいせい	佐藤厚仁 (Dream Monster)	佐藤厚仁 (Dream Monster)
シャルイース	アキ・ローゼンタール	as	kotokl	kotokl
気まぐれメルシィ	アキ・ローゼンタール	八王子P / q*Left	八王子P	-
ブタサンダー	赤井はあと	ゆこぴ	ゆこぴ	-
感触	赤井はあと	塩野 海	塩野 海	塩野 海
Infinity (Remastered)	赤井はあと	Luschka	Naoden	Naoden
シル・ヴ・プレジデント	白上フブキ	ナナホシ管弦楽団	岩見 陸	-
SUPERNOVA	白上フブキ	小池竜暉	小池竜暉	小池竜暉
KINGWORLD	白上フブキ	sasakure.UK	sasakure.UK	sasakure.UK
Say!ファンファーレ!	白上フブキ	ハム	ハム	ハム
ばーちゃらぶ	夏色まつり	Medansy	Medansy	Medansy
同担☆拒否	夏色まつり	shito / Gom	shito	-
美少女戦士まつりみっと Zero	夏色まつり	佐藤貴文	佐藤貴文	KOH
宵の余、良い！	百鬼あやめ	武田将弥 (Dream Monster)	武田将弥 (Dream Monster)	武田将弥 (Dream Monster)
グッバイ宣言	百鬼あやめ	Chinozo	Chinozo	-
万歳☆満開	百鬼あやめ	YUXSE (Dream Monster)	YUXSE (Dream Monster)	YUXSE (Dream Monster)
NoDistance	癒月ちょこ	涼木シンジ (KEYTONE)	涼木シンジ (KEYTONE)	涼木シンジ (KEYTONE)
妄想税	癒月ちょこ	DECO*27	DECO*27	-
ぷ・れ・あ・で・す！	大空スバル	Mitsu (TRYTONELABO)	滝澤俊輔 (TRYTONELABO)	滝澤俊輔 (TRYTONELABO)
どぅーまいべすと！	大空スバル	キノシタ	キノシタ	-
ホットダック！	大空スバル	なみぐる	なみぐる	なみぐる
Howling	大神ミオ	ZAQ	ZAQ	KanadeYUK
Colorful Universe	大神ミオ	伊藤和馬	伊藤和馬	伊藤和馬
夏宿り	大神ミオ	おぐらあすか	おぐらあすか	おぐらあすか
夜光通信	大神ミオ	堀江晶太	堀江晶太	堀江晶太
ナイトループ	大神ミオ	DECO*27	DECO*27	DECO*27
もぐもぐ YUMMY！	猫又おかゆ	ピノキオピー	ピノキオピー	ピノキオピー
ネコカブリーナ	猫又おかゆ	ピノキオピー	ピノキオピー	ピノキオピー
毒の王子さま	猫又おかゆ	奏音69	奏音69	奏音69
カミサマ・ネコサマ	猫又おかゆ	烏屋茶房	烏屋茶房	橘亮祐
Doggy god's street	戌神ころね	トップハムハット狂	FAKE TYPE.	DYES IWASAKI
唱	戌神ころね	TOPHAMHAT-KYO (FAKE TYPE.)	Giga＆TeddyLoid	-
ころねの最凶天災☆わんだふぉー♡わーるど	戌神ころね	おぐらあすか (Hifumi,inc.) / saji (Hifumi,inc.)	おぐらあすか (Hifumi,inc.)	おぐらあすか (Hifumi,inc.)
ぺこらんだむぶれいん！	兎田ぺこら	畑亜貴	俊龍	よる。
全人類 兎化計画！	兎田ぺこら	前山田健一	前山田健一	前山田健一
全力ジャンピング！	不知火フレア	篠崎あやと / 橘亮祐	篠崎あやと / 橘亮祐	篠崎あやと / 橘亮祐
怪物	不知火フレア	Ayase	Ayase	-
UNDEAD	不知火フレア	Ayase	Ayase	-
ぎゅーどんかーにばる！	白銀ノエル	まろん (IOSYS)	まろん (IOSYS)	まろん (IOSYS)
寝起きヤシの木	白銀ノエル	ゆこぴ	ゆこぴ	-
ほめのび	白銀ノエル	渡辺翔	渡辺翔	倉内達矢
Ahoy!! 我ら宝鐘海賊団☆	宝鐘マリン	まろん (IOSYS)	ARM (IOSYS)	ARM (IOSYS)
美少女無罪♡パイレーツ	宝鐘マリン	ナナホシ管弦楽団	岩見 陸	ナナホシ管弦楽団
幽霊船戦	宝鐘マリン	かめりあ	Toby Fox	かめりあ
My song	角巻わため	田淵智也	堀江晶太	堀江晶太
What an amazing swing	角巻わため	TOPHAMHAT-KYO (FAKE TYPE.)	FAKE TYPE.	DYES IWASAKI (FAKE TYPE.)
恋愛サーキュレーション	角巻わため	meg rock	神前 暁	-
Palette	常闇トワ	常闇トワ	niki	niki
-ERROR	常闇トワ	niki	niki	-
FACT	常闇トワ	niki	niki	niki
守護ってルーナイト	姫森ルーナ	ナナホシ管弦楽団	岩見 陸	ナナホシ管弦楽団
ふわふわ時間	姫森ルーナ	秋山 澪	前澤 寛之	-
天たこ観測	姫森ルーナ	Lysi.	Lysi.	Lysi.
明日への境界線	雪花ラミィ	ENA☆	佐々木裕	佐々木裕
勇者	雪花ラミィ	Ayase	Ayase	-
ねねねねねねねね！大爆走	桃鈴ねね	ヒゲドライバー	ヒゲドライバー	ヒゲドライバー
ちゅ、多様性。	桃鈴ねね	あの / 真部脩一	真部脩一	-
Lioness' Pride	獅白ぼたん	かめりあ	かめりあ	かめりあ
ノンブレス・オブリージュ	獅白ぼたん	ピノキオピー	ピノキオピー	-
ぽ	尾丸ポルカ	立秋	立秋	立秋
エンヴィーベイビー	尾丸ポルカ	Kanaria	Kanaria	-
神っぽいな	ラプラス・ダークネス	ピノキオピー	ピノキオピー	-
興味ないよ	ラプラス・ダークネス	jon-YAKITORY	jon-YAKITORY	jon-YAKITORY
QUEEN	ラプラス・ダークネス	Kanaria	Kanaria	-
オーバード	鷹嶺ルイ	柊キライ	柊キライ	柊キライ
フクロウさん	鷹嶺ルイ	すりぃ	すりぃ	-
WAO!! (2025 ver.)	博衣こより	DECO*27 (OTOIRO)	DECO*27 (OTOIRO)	Rockwell
God knows...	博衣こより	畑 亜貴	神前 暁	-
いろはすてっぷ！	風真いろは	40mP	40mP	40mP
きゅうくらりん	風真いろは	いよわ	いよわ	-
ALiCE & u	アユンダ・リス	AyundaRisu / Feryquitous	Feryquitous	Feryquitous
Snow halation	アユンダ・リス	畑 亜貴	山田高弘	-
1:15 AM	アユンダ・リス	Ayunda Risu	Raditya Joko Bramantyo	Raditya Joko Bramantyo
High Tide	ムーナ・ホシノヴァ	ZSunder	ZSunder	ZSunder
FIRE BIRD	ムーナ・ホシノヴァ	上松範康 (Elements Garden)	上松範康 (Elements Garden)	-
Q&A=E	アイラニ・イオフィフティーン	Junky	Junky	Junky
エイリアンエイリアン	アイラニ・イオフィフティーン	ナユタン星人	ナユタン星人	-
Here I am	アイラニ・イオフィフティーン	水野あつ	水野あつ	水野あつ
JOLLIE JOLLIE	クレイジー・オリー	KOTONOHOUSE	KOTONOHOUSE	KOTONOHOUSE
狂乱 Hey Kids!!	クレイジー・オリー	山中拓也	山中拓也	-
Oshi Mode ON	クレイジー・オリー	太嘉志 / 猟平	太嘉志 / 猟平	太嘉志 / 猟平
アンリアルヴェイル	アーニャ・メルフィッサ	ぼっちぼろまる	ぼっちぼろまる	HAMA-kgn (Fellon Sounds)
マーシャル・マキシマイザー	アーニャ・メルフィッサ	柊マグネタイト	柊マグネタイト	-
Gate Open: START!	パヴォリア・レイネ	Farhan Sarasin / Pavolia Reine	Farhan Sarasin	Farhan Sarasin
うっせぇわ	パヴォリア・レイネ	syudou	syudou	-
You're Mine	ベスティア・ゼータ	arvin homa aya	Yusuke Nakamura a.k.a. ynkmr. (BLU-SWING)	Yusuke Nakamura a.k.a. ynkmr. (BLU-SWING)
可愛くてごめん	ベスティア・ゼータ	shito	shito	-
brave heart	カエラ・コヴァルスキア	大森 祥子	太田 美知彦	-
dahlah.	カエラ・コヴァルスキア	Prince Husein / Kaela Kovalskia	Eka Gustiwana / Prince Husein	Eka Gustiwana
Mantra Hujan	こぼ・かなえる	Kobo Kanaeru	Kobo Kanaeru	Matalino Musicworks
Overdose	こぼ・かなえる	なとり	なとり	-
HELP!!	こぼ・かなえる	なとり / Kobo Kanaeru	なとり	なとり
失礼しますが、RIP♡	森カリオペ	Mori Calliope	K's	K's
DEAD BEATS	森カリオペ	Mori Calliope	Mori Calliope＆K's	Mori Calliope＆K's
LET'S JUST CRASH	森カリオペ	syudou	syudou	-
NIGHTBREAK	森カリオペ	monji / Mori Calliope	monji / Johnny R / Ari (Asteroid)	Ari / Johnny R / monii
SPARKS	小鳥遊キアラ	KIRA	KIRA	KIRA
ヴァンパイア	小鳥遊キアラ	DECO*27	DECO*27	-
VIOLET	一伊那尓栖	LUMINA	seibin	seibin
ないない	一伊那尓栖	ハヤシケイ / 毛蟹	毛蟹	-
星屑カプセル	一伊那尓栖	太嘉志 / 猟平	太嘉志 / 猟平	太嘉志 / 猟平
アイドル	IRyS	Ayase	Ayase	-
Carbonated Love	IRyS	monii	賀佐泰洋 (SUPA LOVE)	賀佐泰洋 (SUPA LOVE)
TwiLight	IRyS	牛肉	雄之助	雄之助
Daydream	オーロ・クロニー	モリタコータ	矢野達也	矢野達也
マフィア	オーロ・クロニー	wotaku	wotaku	-
PSYCHO	ハコス・ベールズ	ZAQ	タカハシヒビキ / Tom-H@ck	タカハシヒビキ
Los! Los! Los!	ハコス・ベールズ	hotaru	八木雄一	-
Monsters and Men	シオリ・ノヴェラ	monii	MELOIMAGE	MELOIMAGE
強風オールバック	シオリ・ノヴェラ	ゆこぴ	ゆこぴ	-
プリズムの魔法	古石ビジュー	YUC'e	YUC'e	YUC'e
鏡面の波	古石ビジュー	照井順政	照井順政	-
Say My Name	ネリッサ・レイヴンクロフト	Kris Roche / Nerissa Ravencroft	Kris Roche	Kris Roche
雪の華	ネリッサ・レイヴンクロフト	Satomi	松本良喜	-
Lifetime Showtime	FUWAMOCO	周防パトラ / FUWAMOCO	周防パトラ	周防パトラ
キュートなカノジョ	FUWAMOCO	syudou	syudou	-
Born to be "BAU"DOL☆★	FUWAMOCO	PandaBoY	PandaBoY	PandaBoY
Let Me Be With You	FUWAMOCO	北川 勝利	北川 勝利	-
GREATEST	音乃瀬奏	ナナホシ管弦楽団	岩見 陸	ナナホシ管弦楽団
奏 (かなで)	音乃瀬奏	大橋卓弥 / 常田真太郎	大橋卓弥 / 常田真太郎	-
You & 合図	音乃瀬奏	TAK	TAK	TAK
今日も大天才っ！	一条莉々華	小池竜暉	小池竜暉	小池竜暉
チェリーポップ	一条莉々華	DECO*27	DECO*27	-
JAPAN の美術史♪お・ぼ・え・ま・SHOW！	儒烏風亭らでん	ぼっちぼろまる	ぼっちぼろまる	ぼっちぼろまる
ピ ピカソ	儒烏風亭らでん	矢倉 邦晃 / 保山 宗明玉 / チャンキー松本	本間 勇輔	-
Countach	轟はじめ	浦島健太	山元祐介	山元祐介
ツッパリ High School Rock'n Roll (登校編)	轟はじめ	タミヤヨシユキ	タミヤヨシユキ	-
Myth or Treat	hololive English-Myth-	Mori Calliope	Farhan Sarasin	Farhan Sarasin
Secret Garden	hololive 1st Generation	宮崎まゆ (SUPA LOVE)	宮崎まゆ (SUPA LOVE)	賀佐泰洋 (SUPA LOVE)
BLUE CLAPPER	hololive IDOL PROJECT	PandaBoY	PandaBoY	PandaBoY
常夜リペイント	秘密結社holoX	yuzen (Hifumi,inc.)	yuzen (Hifumi,inc.)	yuzen (Hifumi,inc.)
ブライダルドリーム	宝鐘マリン / 兎田ぺこら	HoneyWorks / MARUMOCHI	HoneyWorks	HoneyWorks / MARUMOCHI
Our Promise	hololive English-Promise-	noire	Jeremy Robson	Jeremy Robson
Rebellion	hololive English-Advent-	Mas Kimura	八木雄一	八木雄一
HI-15	hololive Indonesia 1st Generation	おぐらあすか (Hifumi,inc.) / saji (Hifumi,inc.) / 加藤ひろあき	佐高陵平 (Hifumi,inc.)	佐高陵平 (Hifumi,inc.)
Slap by Step	hololive Indonesia 2nd Generation	後藤涼輔 / Muhammad Iqbal (Ikkubaru)	後藤涼輔	後藤涼輔
save our hearts	hololive Indonesia 3rd Generation	yuzen (Hifumi,inc.) / Datenkou	yuzen (Hifumi,inc.)	yuzen (Hifumi,inc.)
瞬間ハートビート	ReGLOSS	OHTORA	OHTORA / maeshima soshi	maeshima soshi
気分上々↑↑	パヴォリア・レイネ / アーニャ・メルフィッサ / クレイジー・オリー	hiroko / mitsuyuki miyake	日比野 元気 / Shifo / mitsuyuki miyake	-
We are GAMERS !!!!	ホロライブゲーマーズ	PandaBoY	PandaBoY	PandaBoY
刹那ティックコード	SorAZ	高瀬愛虹	渡部チェル	渡部チェル
Suspect	hololive IDOL PROJECT	Kyota.	Kyota.	Kyota.
なかま歌	不知火建設	佐々木喫茶	佐々木喫茶	佐々木喫茶
Wicked feat. Mori Calliope	森カリオペ / 星街すいせい	Mori Calliope / HIROMI	Giga	Giga
おにけもだんす	いろはにほへっとあやふぶみ	PandaBoY	PandaBoY	PandaBoY
地獄で会おうぜ！スバちょこるなたん	スバちょこるなたん	七条レタス	D.watt	D.watt
ORANGE PARADE feat. 戌神ころね	戌神ころね / 猫又おかゆ	TOPHAMHAT-KYO	FAKE TYPE.	DYES IWASAKI
III	こぼ・かなえる / 宝鐘マリン	Sena Kiryuin	Giga	Giga
ししわたクッキング feat. 獅白ぼたん	獅白ぼたん / 角巻わため	まろん (IOSYS)	REDALiCE	REDALiCE
回レ！雪月花	宝鐘マリン / 白上フブキ / AZKi	ヒゲドライバー	ヒゲドライバー	-
デビルじゃないもん	風真いろは / AZKi	DECO*27 / ピノキオピー	DECO*27 / ピノキオピー	-
ハオ	パヴォリア・レイネ / 角巻わため	DECO*27	DECO*27	-
わたしの一番かわいいところ	モココ・アビスガード / フワワ・アビスガード / アイラニ・イオフィフティーン / 姫森ルーナ	ヤマモトショウ	ヤマモトショウ	-
メギツネ	hololive English-Advent-	NORiMETAL / MK-METAL	NORiMETAL	-
ヒャダインのじょーじょーゆーじょー	戌神ころね / 猫又おかゆ	前山田健一	前山田健一	-
また傷に触れる	BlueJourney	中居廉	中居廉	樂
青く在れ	IRyS / 不知火フレア	遠藤信吾	遠藤信吾	遠藤信吾
みっころね×しょうたいむ!!	戌神ころね / さくらみこ	まろん (IOSYS)	ARM (IOSYS)	ARM (IOSYS) / 紅維流星
再会	ムーナ・ホシノヴァ / 星街すいせい	Ayase	Ayase	-
神のまにまに	姫森ルーナ / 大空スバル / 癒月ちょこ	れるりり	れるりり	-
い〜やい〜やい〜や	一伊那尓栖 / 小鳥遊キアラ	Neru＆z'5	Neru＆z'5	-
選んでくれてありがとう。	ハコス・ベールズ / IRyS	shito / Gom	shito	-
六兆年と一夜物語	SorAZ	kemu	kemu	-
オレンジ	小鳥遊キアラ / 桃鈴ねね	渡邊亜希子	Funta3	-
UFO	轟はじめ / 儒烏風亭らでん	阿久悠	都倉俊一	-
爆夏!!トロピカバケーション	大空スバル / 不知火フレア / 白銀ノエル / 角巻わため / 音乃瀬奏	かたほとり (IOSYS)	ARM (IOSYS)	ARM (IOSYS)
Bling-Bang-Bang-Born	ハコス・ベールズ / 一伊那尓栖	R-指定	DJ松永	-
シュガーラッシュ	星街すいせい / さくらみこ	DECO*27	TAKU INOUE / DECO*27	TAKU INOUE
